"","method","cor","Rank_pcc","edistance_score","Rank_edistance","mse_score","Rank_mse","DEG_score","Rank_deg","was_score","Rank_was","sym_score","Rank_sym","ac_score","ac_rank","Rank","DataSet","op"
"1","baseMLP",0.8684,1,1,1,1,1,0,2,0.528594657568099,3,1,1,0.732832442928017,1.5,1,"sciplex3_comb","A549_CHEMBL483254_3.0_1"
"2","baseReg",0.3302,4,0.681473468204224,3,0.141258741258741,4,0,2,0.0715266197478515,4,0.984322676657053,2,0.368130250977978,3.16666666666667,3,"sciplex3_comb","A549_CHEMBL483254_3.0_1"
"3","baseControl",0.00229999999999997,6,0.630908036490978,5,0,6,0.01,1,0,6,0.98381201458309,3,0.271170008512345,4.5,6,"sciplex3_comb","A549_CHEMBL483254_3.0_1"
"4","CPA",0.7759,3,0,6,0.346853146853147,3,0,2,0.810630870476242,2,0,6,0.322230669554898,3.66666666666667,4,"sciplex3_comb","A549_CHEMBL483254_3.0_1"
"5","PRnet",0.855,2,0.740693239354939,2,0.958641358641359,2,0,2,1,1,0.269681508513324,5,0.637336017751604,2.33333333333333,2,"sciplex3_comb","A549_CHEMBL483254_3.0_1"
"6","trainMean",0.215,5,0.657785559743939,4,0.0755244755244756,5,0,2,0.0381493995319195,5,0.982739726341845,4,0.328199860190363,4.16666666666667,5,"sciplex3_comb","A549_CHEMBL483254_3.0_1"
"7","baseMLP",-0.5657,6,0.638354498884268,4,0.299989019435599,5,0,1,0,6,0.968102672918621,4,0.223457698539748,4.33333333333333,5,"sciplex3_comb","A549_CHEMBL491473+CHEMBL2170177_3.0+3.0_1"
"8","baseReg",0.0713,2,0.990859150857372,2,0.983199736466454,2,0,1,0.975673965170419,2,1,1,0.670172142082374,1.66666666666667,2,"sciplex3_comb","A549_CHEMBL491473+CHEMBL2170177_3.0+3.0_1"
"9","baseControl",-0.0334000000000001,3,1,1,1,1,0,1,1,1,0.997630405809369,2,0.660705067634895,1.5,1,"sciplex3_comb","A549_CHEMBL491473+CHEMBL2170177_3.0+3.0_1"
"10","CPA",-0.3973,4,0,6,0,6,0,1,0.472959682427434,5,0,6,0.0126099470712389,4.66666666666667,6,"sciplex3_comb","A549_CHEMBL491473+CHEMBL2170177_3.0+3.0_1"
"11","PRnet",-0.5124,5,0.540429538361171,5,0.361809597013286,4,0,1,0.722685579982945,4,0.352043789714631,5,0.244094750845339,4,4,"sciplex3_comb","A549_CHEMBL491473+CHEMBL2170177_3.0+3.0_1"
"12","trainMean",0.0921999999999999,1,0.968952249627472,3,0.943779510266828,3,0,1,0.913952631532032,3,0.993566984323223,3,0.652075229291592,2.33333333333333,3,"sciplex3_comb","A549_CHEMBL491473+CHEMBL2170177_3.0+3.0_1"
"13","baseMLP",0.2473,2,0.829626812455431,4,0.644916003536693,4,0,2,0.0289553226696089,5,0.990022791262432,4,0.456803488320694,3.5,4,"sciplex3_comb","A549_CHEMBL1213492+CHEMBL257991_3.0+3.0_1"
"14","baseReg",0.343,1,0.996291894461612,2,0.993987621573828,2,0,2,0.982318808604523,2,1,1,0.719266387439994,1.66666666666667,1,"sciplex3_comb","A549_CHEMBL1213492+CHEMBL257991_3.0+3.0_1"
"15","baseControl",-0.0626,6,1,1,1,1,0.06,1,1,1,0.997809348598523,2,0.66586822476642,2,2,"sciplex3_comb","A549_CHEMBL1213492+CHEMBL257991_3.0+3.0_1"
"16","CPA",0.1561,4,0,6,0,6,0,2,0,6,0,6,0.0260166666666667,5,6,"sciplex3_comb","A549_CHEMBL1213492+CHEMBL257991_3.0+3.0_1"
"17","PRnet",0.135,5,0.645714285714286,5,0.455702917771883,5,0,2,0.425434087148373,4,0.270391512874031,5,0.322040467251429,4.33333333333333,5,"sciplex3_comb","A549_CHEMBL1213492+CHEMBL257991_3.0+3.0_1"
"18","trainMean",0.2468,3,0.981991918231519,3,0.965870910698497,3,0,2,0.910490899062328,3,0.997076786952687,3,0.683705085824172,2.83333333333333,3,"sciplex3_comb","A549_CHEMBL1213492+CHEMBL257991_3.0+3.0_1"
"19","baseMLP",0.8468,2,1,1,0.968867299624641,2,0,3,0.518357623834873,3,0.00590696361109921,3,0.556655314511769,2.33333333333333,2,"sciplex3_comb","A549_CHEMBL483254+46245047_3.0+3.0_1"
"20","baseReg",0.3192,4,0.762104530757582,3,0.159637889158755,3,0,3,0.0635308311024894,4,2.46865901522009e-05,5,0.21741632293483,3.66666666666667,3,"sciplex3_comb","A549_CHEMBL483254+46245047_3.0+3.0_1"
"21","baseControl",-0.0740000000000001,6,0.729842835509352,5,0.0463678516228746,5,0.06,1,0.00125557915738572,5,0,6,0.127244377714935,4.66666666666667,6,"sciplex3_comb","A549_CHEMBL483254+46245047_3.0+3.0_1"
"22","CPA",0.6834,3,0,6,0,6,0,3,0.635364824372487,2,0.863142704228097,2,0.363651254766764,3.66666666666667,3,"sciplex3_comb","A549_CHEMBL483254+46245047_3.0+3.0_1"
"23","PRnet",0.8625,1,0.809939426185896,2,1,1,0.02,2,1,1,1,1,0.782073237697649,1.33333333333333,1,"sciplex3_comb","A549_CHEMBL483254+46245047_3.0+3.0_1"
"24","trainMean",0.1379,5,0.73374125158597,4,0.0547582247736805,4,0,3,0,6,6.57364549804251e-05,4,0.154410868802438,4.33333333333333,5,"sciplex3_comb","A549_CHEMBL483254+46245047_3.0+3.0_1"
"25","baseMLP",0.865,1,1,1,1,1,0,3,0.529212184987904,3,0.00925483705867314,3,0.567244503674429,2,2,"sciplex3_comb","A549_CHEMBL483254+CHEMBL2170177_3.0+3.0_1"
"26","baseReg",0.3533,4,0.787056433361054,3,0.234681520949382,3,0,3,0.0959112162206146,4,7.98342040707611e-05,5,0.245171500789187,3.66666666666667,3,"sciplex3_comb","A549_CHEMBL483254+CHEMBL2170177_3.0+3.0_1"
"27","baseControl",0.0579,6,0.739897049380507,5,0.0605473480261562,5,0.04,1,0,6,0,6,0.149724066234444,4.83333333333333,6,"sciplex3_comb","A549_CHEMBL483254+CHEMBL2170177_3.0+3.0_1"
"28","CPA",0.7202,3,0,6,0,6,0,3,0.646184326148038,2,0.856305062351264,2,0.37044823141655,3.66666666666667,3,"sciplex3_comb","A549_CHEMBL483254+CHEMBL2170177_3.0+3.0_1"
"29","PRnet",0.8644,2,0.796130404118025,2,0.99685153790264,2,0.01,2,1,1,1,1,0.777896990336778,1.66666666666667,1,"sciplex3_comb","A549_CHEMBL483254+CHEMBL2170177_3.0+3.0_1"
"30","trainMean",0.1994,5,0.764339926523995,4,0.145313635262776,4,0,3,0.0393744779179638,5,0.000160959198775901,4,0.191431499817252,4.16666666666667,5,"sciplex3_comb","A549_CHEMBL483254+CHEMBL2170177_3.0+3.0_1"
"31","baseMLP",0.8296,2,1,1,0.890032502708559,2,0,2,0.387642358111747,3,0.00744971197934863,3,0.519120762133276,2.16666666666667,2,"sciplex3_comb","A549_CHEMBL356066+CHEMBL2170177_3.0+3.0_1"
"32","baseReg",0.3976,4,0.886040744431826,2,0.538732394366197,3,0,2,0.134961453525566,4,0.000232852626740887,4,0.326261240825055,3.16666666666667,3,"sciplex3_comb","A549_CHEMBL356066+CHEMBL2170177_3.0+3.0_1"
"33","baseControl",-0.0177,6,0.828006582149396,5,0.351570964247021,5,0.03,1,0,6,0,6,0.198646257732736,4.83333333333333,6,"sciplex3_comb","A549_CHEMBL356066+CHEMBL2170177_3.0+3.0_1"
"34","CPA",0.7294,3,0,6,0,6,0,2,0.597616732748058,2,0.822439884661341,2,0.358242769568233,3.5,4,"sciplex3_comb","A549_CHEMBL356066+CHEMBL2170177_3.0+3.0_1"
"35","PRnet",0.8614,1,0.872123206711938,3,1,1,0,2,1,1,1,1,0.78892053445199,1.5,1,"sciplex3_comb","A549_CHEMBL356066+CHEMBL2170177_3.0+3.0_1"
"36","trainMean",0.2419,5,0.85381370663082,4,0.428494041170098,4,0,2,0.0599756396401608,5,0.000141454017113407,5,0.264054140243032,4.16666666666667,5,"sciplex3_comb","A549_CHEMBL356066+CHEMBL2170177_3.0+3.0_1"
"37","baseMLP",0.8711,1,1,1,0.931674101901855,2,0,4,0.521445156638192,3,0.00150984076066374,3,0.554288183216785,2.33333333333333,2,"sciplex3_comb","A549_CHEMBL483254+CHEMBL1200485_3.0+3.0_1"
"38","baseReg",0.3129,4,0.774001921900935,3,0.160835876966424,3,0,4,0.0938838933765984,4,7.0545189040927e-05,5,0.2236153729055,3.83333333333333,4,"sciplex3_comb","A549_CHEMBL483254+CHEMBL1200485_3.0+3.0_1"
"39","baseControl",-0.0770999999999999,6,0.730737311085874,5,0,6,0.02,1,0,6,0,6,0.112272885180979,5,6,"sciplex3_comb","A549_CHEMBL483254+CHEMBL1200485_3.0+3.0_1"
"40","CPA",0.7415,3,0,6,0.0950927447757689,4,0,4,0.715648077267309,2,0.854511077254581,2,0.40112531654961,3.5,3,"sciplex3_comb","A549_CHEMBL483254+CHEMBL1200485_3.0+3.0_1"
"41","PRnet",0.8601,2,0.819188433650738,2,1,1,0.01,2,1,1,1,1,0.781548072275123,1.5,1,"sciplex3_comb","A549_CHEMBL483254+CHEMBL1200485_3.0+3.0_1"
"42","trainMean",0.1664,5,0.740892810343321,4,0.0462549894341396,5,0.01,2,0.0327926500589687,5,0.000160075459871623,4,0.166083420882717,4.16666666666667,5,"sciplex3_comb","A549_CHEMBL483254+CHEMBL1200485_3.0+3.0_1"
"43","baseMLP",0.5298,2,0.802488553028329,4,0.577672369981365,4,0,2,0,6,0.99360867661063,4,0.483928266603387,3.66666666666667,4,"sciplex3_comb","A549_CHEMBL1213492+CHEMBL491473_3.0+3.0_1"
"44","baseReg",0.5519,1,1,1,1,1,0,2,1,1,1,1,0.75865,1.16666666666667,1,"sciplex3_comb","A549_CHEMBL1213492+CHEMBL491473_3.0+3.0_1"
"45","baseControl",0.0657,6,0.991344972638946,2,0.978654921226495,2,0.03,1,0.948554902647043,2,0.993767636569948,3,0.668003738847072,2.66666666666667,2,"sciplex3_comb","A549_CHEMBL1213492+CHEMBL491473_3.0+3.0_1"
"46","CPA",0.4648,4,0,6,0,6,0,2,0.178853132425811,5,0,6,0.107275522070969,4.83333333333333,6,"sciplex3_comb","A549_CHEMBL1213492+CHEMBL491473_3.0+3.0_1"
"47","PRnet",0.4887,3,0.626419238357592,5,0.437065898695579,5,0,2,0.580706246431006,4,0.340006143679804,5,0.412149587860664,4,5,"sciplex3_comb","A549_CHEMBL1213492+CHEMBL491473_3.0+3.0_1"
"48","trainMean",0.3965,5,0.97072181066895,3,0.939014060647129,3,0,2,0.860644353160057,3,0.997245402450416,2,0.694020937821092,3,3,"sciplex3_comb","A549_CHEMBL1213492+CHEMBL491473_3.0+3.0_1"
"49","baseMLP",0.3912,3,0.781575596202825,4,0.497887194561823,4,0,2,0,6,0.981252217611043,4,0.441985834729282,3.83333333333333,5,"sciplex3_comb","A549_CHEMBL1213492_3.0_1"
"50","baseReg",0.244,5,0.99164544261789,3,0.980525445526364,3,0,2,0.950915280628011,3,0.998542245662999,2,0.694271402405877,3,3,"sciplex3_comb","A549_CHEMBL1213492_3.0_1"
"51","baseControl",0.0598,6,0.995687659180366,2,0.988609222855043,2,0.06,1,0.971768176711819,2,0.996995286072969,3,0.678810057470033,2.66666666666667,2,"sciplex3_comb","A549_CHEMBL1213492_3.0_1"
"52","CPA",0.4167,2,0,6,0,6,0,2,0.469270404731255,5,0,6,0.147661734121876,4.5,6,"sciplex3_comb","A549_CHEMBL1213492_3.0_1"
"53","PRnet",0.4283,1,0.535222273674462,5,0.310674260518097,5,0,2,0.653337248728919,4,0.340032903488446,5,0.377927781068321,3.66666666666667,4,"sciplex3_comb","A549_CHEMBL1213492_3.0_1"
"54","trainMean",0.2939,4,1,1,1,1,0,2,1,1,1,1,0.71565,1.66666666666667,1,"sciplex3_comb","A549_CHEMBL1213492_3.0_1"
"55","baseMLP",0.8476,2,1,1,0.802799607072691,2,0.01,3,0.437690274708801,3,0,5,0.516348313630249,2.66666666666667,2,"sciplex3_comb","A549_CHEMBL483254+CHEMBL1421_3.0+3.0_1"
"56","baseReg",0.2388,4,0.794184466795292,3,0.108055009823183,3,0,6,0.0547304356325012,4,0.000101220409576053,4,0.199311855443425,4,4,"sciplex3_comb","A549_CHEMBL483254+CHEMBL1421_3.0+3.0_1"
"57","baseControl",-0.0464,6,0.762092861301702,5,0,6,0.06,1,0,6,0,5,0.129282143550284,4.83333333333333,6,"sciplex3_comb","A549_CHEMBL483254+CHEMBL1421_3.0+3.0_1"
"58","CPA",0.7462,3,0,6,0.0766208251473475,4,0.01,3,0.734292306859201,2,0.87132572642476,2,0.406406476405218,3.33333333333333,3,"sciplex3_comb","A549_CHEMBL483254+CHEMBL1421_3.0+3.0_1"
"59","PRnet",0.8804,1,0.867283915381366,2,1,1,0.02,2,1,1,1,1,0.794613985896894,1.33333333333333,1,"sciplex3_comb","A549_CHEMBL483254+CHEMBL1421_3.0+3.0_1"
"60","trainMean",0.1864,5,0.767618416996792,4,0.0139980353634579,5,0.01,3,0.00210267999244518,5,0.000176947296024577,3,0.163382679941453,4.16666666666667,5,"sciplex3_comb","A549_CHEMBL483254+CHEMBL1421_3.0+3.0_1"
"61","baseMLP",0.7348,3,0.873405212028975,4,0.700523357239775,4,0.03,2,0,6,0,5,0.389788094878125,4,5,"sciplex3_comb","A549_CHEMBL1213492+CHEMBL109480_3.0+3.0_1"
"62","baseReg",0.7979,2,0.999268695213907,2,0.998836983911611,2,0,3,0.699536800951895,3,7.41297825399556e-05,4,0.582602768309992,2.66666666666667,2,"sciplex3_comb","A549_CHEMBL1213492+CHEMBL109480_3.0+3.0_1"
"63","baseControl",0.1686,6,0.904040953068021,3,0.775150222911417,3,0.06,1,0.175803161652218,5,0,5,0.347265722938609,3.83333333333333,4,"sciplex3_comb","A549_CHEMBL1213492+CHEMBL109480_3.0+3.0_1"
"64","CPA",0.4545,5,0,6,0,6,0,3,0.594394866564678,4,0.881949852619013,2,0.321807453197282,4.33333333333333,6,"sciplex3_comb","A549_CHEMBL1213492+CHEMBL109480_3.0+3.0_1"
"65","PRnet",0.6133,4,0.640207927739181,5,0.45900368288428,5,0,3,1,1,1,1,0.61875193510391,3.16666666666667,3,"sciplex3_comb","A549_CHEMBL1213492+CHEMBL109480_3.0+3.0_1"
"66","trainMean",0.8132,1,1,1,1,1,0,3,0.704903960564338,2,0.000190327070578311,3,0.586382381272486,1.83333333333333,1,"sciplex3_comb","A549_CHEMBL1213492+CHEMBL109480_3.0+3.0_1"
"67","baseMLP",0.3991,4,0.677737592207978,4,0.305598755832037,5,0,2,0,6,0.9783465177175,4,0.393463810959586,4.16666666666667,5,"sciplex3_comb","A549_CHEMBL1213492+CHEMBL460499_3.0+3.0_1"
"68","baseReg",0.5294,2,1,1,1,1,0,2,1,1,1,1,0.7549,1.33333333333333,1,"sciplex3_comb","A549_CHEMBL1213492+CHEMBL460499_3.0+3.0_1"
"69","baseControl",0.00790000000000002,6,0.992757645205185,2,0.985381026438569,2,0.03,1,0.97319845236176,2,0.997471811911392,2,0.664451489319484,2.5,2,"sciplex3_comb","A549_CHEMBL1213492+CHEMBL460499_3.0+3.0_1"
"70","CPA",0.3546,5,0,6,0,6,0,2,0.438862350136182,5,0,6,0.132243725022697,5,6,"sciplex3_comb","A549_CHEMBL1213492+CHEMBL460499_3.0+3.0_1"
"71","PRnet",0.4411,3,0.577544224020626,5,0.397200622083981,4,0,2,0.708914192623264,4,0.353334634573112,5,0.41301561221683,3.83333333333333,4,"sciplex3_comb","A549_CHEMBL1213492+CHEMBL460499_3.0+3.0_1"
"72","trainMean",0.5295,1,0.985237771252596,3,0.970762052877138,3,0,2,0.949805696734178,3,0.996456606965481,3,0.738627021304899,2.5,2,"sciplex3_comb","A549_CHEMBL1213492+CHEMBL460499_3.0+3.0_1"
"73","baseMLP",0.8352,2,1,1,0.904917142080956,2,0,3,0.440604771208972,3,1,1,0.696786985548321,2,1,"sciplex3_comb","A549_CHEMBL483254+CHEMBL4297436_3.0+3.0_1"
"74","baseReg",0.3263,4,0.786974742326424,2,0.10893778864439,3,0,3,0.0483832515327887,4,0.994484606093346,2,0.377513398099492,3,3,"sciplex3_comb","A549_CHEMBL483254+CHEMBL4297436_3.0+3.0_1"
"75","baseControl",-0.00239999999999996,6,0.757299807452713,5,0,6,0.03,1,0,6,0.993958947320496,3,0.296476459128868,4.5,6,"sciplex3_comb","A549_CHEMBL483254+CHEMBL4297436_3.0+3.0_1"
"76","CPA",0.7496,3,0,6,0.0730779679434934,4,0,3,0.734628062337716,2,0,6,0.259551005046868,4,4,"sciplex3_comb","A549_CHEMBL483254+CHEMBL4297436_3.0+3.0_1"
"77","PRnet",0.8663,1,0.786600974062748,3,1,1,0.01,2,1,1,0.245112531066391,5,0.65133558418819,2.16666666666667,2,"sciplex3_comb","A549_CHEMBL483254+CHEMBL4297436_3.0+3.0_1"
"78","trainMean",0.1237,5,0.772318495865896,4,0.0510730779679432,5,0,3,0.0181213688591287,5,0.993713293225337,4,0.326487705986384,4.33333333333333,5,"sciplex3_comb","A549_CHEMBL483254+CHEMBL4297436_3.0+3.0_1"
"79","baseMLP",0.8523,2,1,1,0.895718990120746,2,0,3,0.421045735782574,3,1,1,0.694844120983887,2,1,"sciplex3_comb","A549_CHEMBL483254+CHEMBL257991_3.0+3.0_1"
"80","baseReg",0.3155,4,0.807008456540588,3,0.201427003293084,3,0,3,0.0642542236569392,4,0.994748645686369,3,0.397156388196163,3.33333333333333,3,"sciplex3_comb","A549_CHEMBL483254+CHEMBL257991_3.0+3.0_1"
"81","baseControl",0.1025,6,0.772439109529654,5,0.0727222832052689,5,0.07,1,0,6,0.993673294509188,4,0.335222447874018,4.5,6,"sciplex3_comb","A549_CHEMBL483254+CHEMBL257991_3.0+3.0_1"
"82","CPA",0.6964,3,0,6,0,6,0,3,0.701038543613675,2,0,6,0.232906423935612,4.33333333333333,5,"sciplex3_comb","A549_CHEMBL483254+CHEMBL257991_3.0+3.0_1"
"83","PRnet",0.8802,1,0.827851408109721,2,1,1,0.02,2,1,1,0.26812604974134,5,0.66602957630851,2,1,"sciplex3_comb","A549_CHEMBL483254+CHEMBL257991_3.0+3.0_1"
"84","trainMean",0.2121,5,0.795162543493193,4,0.157244785949506,4,0,3,0.0429272127418472,5,0.995390255157001,2,0.367137466223591,3.83333333333333,4,"sciplex3_comb","A549_CHEMBL483254+CHEMBL257991_3.0+3.0_1"
"85","baseMLP",0.87,1,1,1,0.960439144425516,2,0,4,0.513283676765827,3,0.00368817939601684,3,0.557901833431227,2.33333333333333,2,"sciplex3_comb","A549_CHEMBL483254+CHEMBL601719_3.0+3.0_1"
"86","baseReg",0.3601,4,0.81410773681828,3,0.370244179443498,3,0,4,0.0934598507687178,4,2.81303349540796e-05,5,0.272989982894242,3.83333333333333,4,"sciplex3_comb","A549_CHEMBL483254+CHEMBL601719_3.0+3.0_1"
"87","baseControl",-0.00980000000000003,6,0.767728158397134,5,0.225250804467159,5,0.02,1,0,6,0,6,0.167196493810716,4.83333333333333,6,"sciplex3_comb","A549_CHEMBL483254+CHEMBL601719_3.0+3.0_1"
"88","CPA",0.7024,3,0,6,0,6,0.01,2,0.519280393939196,2,0.854983538579146,2,0.34777732208639,3.5,3,"sciplex3_comb","A549_CHEMBL483254+CHEMBL601719_3.0+3.0_1"
"89","PRnet",0.8533,2,0.816745064850716,2,1,1,0.01,2,1,1,1,1,0.780007510808452,1.5,1,"sciplex3_comb","A549_CHEMBL483254+CHEMBL601719_3.0+3.0_1"
"90","trainMean",0.1999,5,0.791159046625598,4,0.301911792542116,4,0,4,0.0531608650444356,5,6.85386172006863e-05,4,0.224366707138225,4.33333333333333,5,"sciplex3_comb","A549_CHEMBL483254+CHEMBL601719_3.0+3.0_1"
"91","baseMLP",0.397,1,0.879605047280971,4,0.722309197651663,4,0.01,1,0,6,0.99180596651165,4,0.500120035240714,3.33333333333333,4,"sciplex3_comb","A549_CHEMBL1213492+CHEMBL4297436_3.0+3.0_1"
"92","baseReg",0.1432,4,0.998737185414989,2,0.99706457925636,2,0,3,1,1,1,1,0.689833627445225,2.16666666666667,1,"sciplex3_comb","A549_CHEMBL1213492+CHEMBL4297436_3.0+3.0_1"
"93","baseControl",-0.265,6,1,1,1,1,0.01,1,0.9900694094635,2,0.99795330312533,3,0.622170452098138,2.33333333333333,2,"sciplex3_comb","A549_CHEMBL1213492+CHEMBL4297436_3.0+3.0_1"
"94","CPA",0.3805,2,0,6,0,6,0,3,0.124937034299134,4,0,6,0.0842395057165223,4.5,6,"sciplex3_comb","A549_CHEMBL1213492+CHEMBL4297436_3.0+3.0_1"
"95","PRnet",0.3423,3,0.557676818900456,5,0.272015655577299,5,0,3,0.0877725515337466,5,0.206906685968102,5,0.244445285329934,4.33333333333333,5,"sciplex3_comb","A549_CHEMBL1213492+CHEMBL4297436_3.0+3.0_1"
"96","trainMean",-0.0445,5,0.993845021825811,3,0.985714285714286,3,0,3,0.945126618300286,3,0.998889481853791,2,0.646512567949029,3.16666666666667,3,"sciplex3_comb","A549_CHEMBL1213492+CHEMBL4297436_3.0+3.0_1"
"97","baseMLP",0.6683,3,0.940230338741736,2,0.801197604790419,2,0,2,0.285346962097644,4,1,1,0.615845817604966,2.33333333333333,2,"sciplex3_comb","A549_CHEMBL1213492+CHEMBL1200485_3.0+3.0_1"
"98","baseReg",0.7856,2,0.900097266665727,3,0.686626746506986,3,0,2,0.233799214562341,5,0.994297797340921,3,0.600070170845996,3,3,"sciplex3_comb","A549_CHEMBL1213492+CHEMBL1200485_3.0+3.0_1"
"99","baseControl",-0.0508,6,0.726849828726088,5,0.116966067864272,5,0.02,1,0,6,0.982827618775846,4,0.299307252561034,4.5,5,"sciplex3_comb","A549_CHEMBL1213492+CHEMBL1200485_3.0+3.0_1"
"100","CPA",0.4973,5,0,6,0,6,0,2,0.968738190470144,2,0,6,0.244339698411691,4.5,5,"sciplex3_comb","A549_CHEMBL1213492+CHEMBL1200485_3.0+3.0_1"
"101","PRnet",0.6003,4,0.749418514498372,4,0.565269461077844,4,0,2,1,1,0.197487671779446,5,0.518745941225944,3.33333333333333,4,"sciplex3_comb","A549_CHEMBL1213492+CHEMBL1200485_3.0+3.0_1"
"102","trainMean",0.8355,1,1,1,1,1,0,2,0.364366888270132,3,0.998665795488809,2,0.699755447293157,1.66666666666667,1,"sciplex3_comb","A549_CHEMBL1213492+CHEMBL1200485_3.0+3.0_1"
"103","baseMLP",0.8354,1,1,1,0.988339920948617,2,0.02,2,0.492051979524411,3,0,5,0.555965316745505,2.33333333333333,1,"sciplex3_comb","A549_CHEMBL483254+CHEMBL383824_3.0+3.0_1"
"104","baseReg",0.3052,4,0.843777719293116,2,0.476877470355731,3,0.01,3,0.171039134873148,4,1.86274697273614e-05,4,0.301152158665287,3.33333333333333,3,"sciplex3_comb","A549_CHEMBL483254+CHEMBL383824_3.0+3.0_1"
"105","baseControl",-0.1132,6,0.774083496603016,5,0.226086956521739,5,0.03,1,0,6,0,5,0.152828408854126,4.66666666666667,6,"sciplex3_comb","A549_CHEMBL483254+CHEMBL383824_3.0+3.0_1"
"106","CPA",0.6608,3,0,6,0,6,0,5,0.566251974845121,2,0.89825709118166,2,0.35421817767113,4,5,"sciplex3_comb","A549_CHEMBL483254+CHEMBL383824_3.0+3.0_1"
"107","PRnet",0.8161,2,0.784493766509733,4,1,1,0,5,1,1,1,1,0.766765627751622,2.33333333333333,1,"sciplex3_comb","A549_CHEMBL483254+CHEMBL383824_3.0+3.0_1"
"108","trainMean",0.2045,5,0.808608942304881,3,0.350395256916996,4,0.01,3,0.0851606166319208,5,6.13953185296667e-05,3,0.243121035195388,3.83333333333333,4,"sciplex3_comb","A549_CHEMBL483254+CHEMBL383824_3.0+3.0_1"
"109","baseMLP",0.8829,1,1,1,0.845127118644068,2,0,2,0.447209139828855,3,3.33066907387547e-15,5,0.529206043078821,2.33333333333333,2,"sciplex3_comb","A549_CHEMBL483254+CHEMBL116438_3.0+3.0_1"
"110","baseReg",0.3239,4,0.779291909879439,3,0.196186440677966,3,0,2,0.0970119964790966,4,2.08124336197324e-05,4,0.23273519324502,3.33333333333333,4,"sciplex3_comb","A549_CHEMBL483254+CHEMBL116438_3.0+3.0_1"
"111","baseControl",-0.1029,6,0.719207899187169,5,0,6,0.01,1,0,6,0,6,0.104384649864528,5,6,"sciplex3_comb","A549_CHEMBL483254+CHEMBL116438_3.0+3.0_1"
"112","CPA",0.728,3,0,6,0.1125,4,0,2,0.694155573099575,2,0.854865456056604,2,0.398253504859363,3.16666666666667,3,"sciplex3_comb","A549_CHEMBL483254+CHEMBL116438_3.0+3.0_1"
"113","PRnet",0.8686,2,0.840641536195516,2,1,1,0,2,1,1,1,1,0.784873589365919,1.5,1,"sciplex3_comb","A549_CHEMBL483254+CHEMBL116438_3.0+3.0_1"
"114","trainMean",0.1818,5,0.733893404615133,4,0.0519067796610169,5,0,2,0.0209961070427136,5,6.74878166302406e-05,3,0.164777296522582,4,5,"sciplex3_comb","A549_CHEMBL483254+CHEMBL116438_3.0+3.0_1"
"115","baseMLP",0.5061,1,0.916794264725406,4,0.831955922865014,4,0.03,1,0.546177056348363,4,0.994411917873365,4,0.637573193635358,3,3,"sciplex3_comb","A549_CHEMBL1213492+CHEMBL1421_3.0+3.0_1"
"116","baseReg",0.1434,4,0.995999468956056,2,0.992041628405265,2,0,3,0.983902607028946,2,1,1,0.685890617398378,2.33333333333333,2,"sciplex3_comb","A549_CHEMBL1213492+CHEMBL1421_3.0+3.0_1"
"117","baseControl",-0.1549,6,1,1,1,1,0.03,1,1,1,0.997595225103372,2,0.645449204183895,2,1,"sciplex3_comb","A549_CHEMBL1213492+CHEMBL1421_3.0+3.0_1"
"118","CPA",0.3927,3,0,6,0,6,0,3,0,6,0,6,0.06545,5,6,"sciplex3_comb","A549_CHEMBL1213492+CHEMBL1421_3.0+3.0_1"
"119","PRnet",0.4507,2,0.547346992963668,5,0.315273951637588,5,0,3,0.217344753747324,5,0.289350548352404,5,0.30333604111683,4.16666666666667,5,"sciplex3_comb","A549_CHEMBL1213492+CHEMBL1421_3.0+3.0_1"
"120","trainMean",0.1356,5,0.955985307784219,3,0.914447505356596,3,0,3,0.768276156391788,3,0.995544005383212,3,0.628308829152636,3.33333333333333,4,"sciplex3_comb","A549_CHEMBL1213492+CHEMBL1421_3.0+3.0_1"
"121","baseMLP",0.4582,1,0.73798897097474,4,0.426590828297192,4,0,2,0,6,0.984094866446325,4,0.434479110953043,3.5,4,"sciplex3_comb","A549_CHEMBL1213492+CHEMBL116438_3.0+3.0_1"
"122","baseReg",0.2579,4,0.99676010436478,2,0.994489868467828,2,0,2,0.994114239369714,2,1,1,0.70721070203372,2.16666666666667,2,"sciplex3_comb","A549_CHEMBL1213492+CHEMBL116438_3.0+3.0_1"
"123","baseControl",0.0447,6,1,1,1,1,0.06,1,1,1,0.997698144844812,2,0.683733024140802,2,1,"sciplex3_comb","A549_CHEMBL1213492+CHEMBL116438_3.0+3.0_1"
"124","CPA",0.3547,3,0,6,0,6,0,2,0.391403081914031,5,0,6,0.124350513652338,4.66666666666667,6,"sciplex3_comb","A549_CHEMBL1213492+CHEMBL116438_3.0+3.0_1"
"125","PRnet",0.3686,2,0.592012080318829,5,0.351581940988269,5,0,2,0.518584173328699,4,0.254109120810104,5,0.347481219240983,3.83333333333333,5,"sciplex3_comb","A549_CHEMBL1213492+CHEMBL116438_3.0+3.0_1"
"126","trainMean",0.1109,5,0.972503894564812,3,0.946320654105937,3,0,2,0.903849496002781,3,0.995802203426853,3,0.654896041350064,3.16666666666667,3,"sciplex3_comb","A549_CHEMBL1213492+CHEMBL116438_3.0+3.0_1"
"127","baseMLP",0.5342,3,0.789297601629147,4,0.580460592189959,4,0,2,0,6,0.986304024869744,4,0.481710369781475,3.83333333333333,4,"sciplex3_comb","A549_CHEMBL1213492+CHEMBL601719_3.0+3.0_1"
"128","baseReg",0.6512,1,1,1,1,1,0,2,1,1,1,1,0.7752,1.16666666666667,1,"sciplex3_comb","A549_CHEMBL1213492+CHEMBL601719_3.0+3.0_1"
"129","baseControl",0.00380000000000003,6,0.982476405609604,2,0.964668859962809,2,0.03,1,0.921421945505715,2,0.995270135523942,3,0.649606224433678,2.66666666666667,3,"sciplex3_comb","A549_CHEMBL1213492+CHEMBL601719_3.0+3.0_1"
"130","CPA",0.4595,5,0,6,0,6,0,2,0.0161721931355445,5,0,6,0.0792786988559241,5,6,"sciplex3_comb","A549_CHEMBL1213492+CHEMBL601719_3.0+3.0_1"
"131","PRnet",0.4957,4,0.573504119927099,5,0.396080675153769,5,0,2,0.442271590962691,4,0.362759541836061,5,0.378385987979937,4.16666666666667,5,"sciplex3_comb","A549_CHEMBL1213492+CHEMBL601719_3.0+3.0_1"
"132","trainMean",0.5482,2,0.981192939223588,3,0.964239736804463,3,0,2,0.913667594295866,3,0.995532595503372,2,0.733805477637882,2.5,2,"sciplex3_comb","A549_CHEMBL1213492+CHEMBL601719_3.0+3.0_1"
"133","baseMLP",-0.5021,5,0.736904541241891,4,0.504725274725275,4,0,1,0,6,0.980819878932295,4,0.28672494914991,4,4,"sciplex3_comb","A549_CHEMBL491473+CHEMBL2170177_3.0+3.0_2"
"134","baseReg",-0.1476,2,0.953571825764597,2,0.917252747252747,2,0,1,0.825731644346726,2,0.999696194055388,2,0.59144206856991,1.83333333333333,2,"sciplex3_comb","A549_CHEMBL491473+CHEMBL2170177_3.0+3.0_2"
"135","baseControl",-0.0570999999999999,1,1,1,1,1,0,1,1,1,1,1,0.65715,1,1,"sciplex3_comb","A549_CHEMBL491473+CHEMBL2170177_3.0+3.0_2"
"136","CPA",-0.3973,4,0,6,0,6,0,1,0.261861633020188,5,0,6,-0.0225730611633019,4.66666666666667,6,"sciplex3_comb","A549_CHEMBL491473+CHEMBL2170177_3.0+3.0_2"
"137","PRnet",-0.5465,6,0.547232622798888,5,0.321208791208791,5,0,1,0.433104720501033,4,0.817976232232354,5,0.262170394456844,4.33333333333333,5,"sciplex3_comb","A549_CHEMBL491473+CHEMBL2170177_3.0+3.0_2"
"138","trainMean",-0.2077,3,0.858646895273401,3,0.740989010989011,3,0,1,0.474900476380839,3,0.987000383997936,3,0.475639461106865,2.66666666666667,3,"sciplex3_comb","A549_CHEMBL491473+CHEMBL2170177_3.0+3.0_2"
"139","baseMLP",0.3451,1,0.832780465549525,4,0.65207413945278,4,0,2,0.0742834954167267,5,0.990849259493209,4,0.482514559985374,3.33333333333333,4,"sciplex3_comb","A549_CHEMBL1213492+CHEMBL257991_3.0+3.0_2"
"140","baseReg",0.2911,3,0.92610898307179,2,0.850485436893204,2,0,2,0.59285000632627,2,0.995164197722422,2,0.609284770668948,2.16666666666667,2,"sciplex3_comb","A549_CHEMBL1213492+CHEMBL257991_3.0+3.0_2"
"141","baseControl",-0.0266999999999999,6,1,1,1,1,0.01,1,1,1,1,1,0.663883333333333,1.83333333333333,1,"sciplex3_comb","A549_CHEMBL1213492+CHEMBL257991_3.0+3.0_2"
"142","CPA",0.1561,4,0,6,0,6,0,2,0,6,0,6,0.0260166666666667,5,6,"sciplex3_comb","A549_CHEMBL1213492+CHEMBL257991_3.0+3.0_2"
"143","PRnet",0.1388,5,0.650191523538861,5,0.411650485436893,5,0,2,0.169107734191961,4,0.832173582040374,5,0.366987220868015,4.33333333333333,5,"sciplex3_comb","A549_CHEMBL1213492+CHEMBL257991_3.0+3.0_2"
"144","trainMean",0.3417,2,0.907365339467156,3,0.808296557811121,3,0,2,0.480565263107376,3,0.994926032291998,3,0.588808865446275,2.66666666666667,3,"sciplex3_comb","A549_CHEMBL1213492+CHEMBL257991_3.0+3.0_2"
"145","baseMLP",0.8231,4,0.77947805840313,3,0.633125050718169,3,0.26,1,0.623019078585428,3,0.00955438821936594,4,0.521379429321016,3,3,"sciplex3_comb","A549_CHEMBL483254+46245047_3.0+3.0_2"
"146","baseReg",0.9947,1,0.943828218478155,2,0.912845897914469,2,0,4,0.9119040423396,2,0.00729514130708753,5,0.628428883339885,2.66666666666667,2,"sciplex3_comb","A549_CHEMBL483254+46245047_3.0+3.0_2"
"147","baseControl",0.0112,6,0.462076771335252,5,0.0200438204982553,5,0.03,2,0,6,0,6,0.0872200986389179,5,6,"sciplex3_comb","A549_CHEMBL483254+46245047_3.0+3.0_2"
"148","CPA",0.6834,5,0,6,0,6,0,4,0.413319926657597,5,0.640635068294395,2,0.289559165825332,4.66666666666667,5,"sciplex3_comb","A549_CHEMBL483254+46245047_3.0+3.0_2"
"149","PRnet",0.835,3,0.482663389709925,4,0.321674916822202,4,0.02,3,0.610032644337152,4,1,1,0.544895158478213,3.16666666666667,4,"sciplex3_comb","A549_CHEMBL483254+46245047_3.0+3.0_2"
"150","trainMean",0.9883,2,1,1,1,1,0,4,1,1,0.0111429841210751,3,0.666573830686846,2,1,"sciplex3_comb","A549_CHEMBL483254+46245047_3.0+3.0_2"
"151","baseMLP",0.8513,3,0.712676193727747,3,0.549505318753254,3,0,3,0.537868891909455,3,0.00660100873391789,5,0.442991902187396,3.33333333333333,4,"sciplex3_comb","A549_CHEMBL483254+CHEMBL2170177_3.0+3.0_2"
"152","baseReg",0.9958,1,1,1,1,1,0,3,1,1,0.0126162134276415,4,0.668069368904607,1.83333333333333,1,"sciplex3_comb","A549_CHEMBL483254+CHEMBL2170177_3.0+3.0_2"
"153","baseControl",0.0272,6,0.428034921718773,4,0.0174812169902552,5,0.01,2,0,6,0,6,0.080452689784838,4.83333333333333,6,"sciplex3_comb","A549_CHEMBL483254+CHEMBL2170177_3.0+3.0_2"
"154","CPA",0.7202,5,0,6,0,6,0,3,0.351781271134863,5,0.703801124805938,2,0.2959637326568,4.5,5,"sciplex3_comb","A549_CHEMBL483254+CHEMBL2170177_3.0+3.0_2"
"155","PRnet",0.8003,4,0.397015070965225,5,0.246745518113516,4,0.02,1,0.510998776155716,4,1,1,0.495843227539076,3.16666666666667,3,"sciplex3_comb","A549_CHEMBL483254+CHEMBL2170177_3.0+3.0_2"
"156","trainMean",0.9898,2,0.950629176218114,2,0.927099605742766,2,0,3,0.923538801309653,2,0.012630915416131,3,0.633949749781111,2.33333333333333,2,"sciplex3_comb","A549_CHEMBL483254+CHEMBL2170177_3.0+3.0_2"
"157","baseMLP",0.8393,3,0.925053654128544,3,0.807444523979957,3,0,3,0.498293807613428,5,0.961171546404586,3,0.671877255354419,3.33333333333333,4,"sciplex3_comb","A549_CHEMBL356066_3.0_2"
"158","baseReg",0.9064,1,1,1,1,1,0,3,0.61929288993739,3,0.957606292671665,4,0.747216530434842,2.16666666666667,1,"sciplex3_comb","A549_CHEMBL356066_3.0_2"
"159","baseControl",-0.0926,6,0.628882864565684,5,0,6,0.01,2,0,6,0.944572692794294,5,0.248475926226663,5,6,"sciplex3_comb","A549_CHEMBL356066_3.0_2"
"160","CPA",0.7088,5,0,6,0.0954426151276546,5,0,3,1,1,0,6,0.300707102521276,4.33333333333333,5,"sciplex3_comb","A549_CHEMBL356066_3.0_2"
"161","PRnet",0.7722,4,0.725516773974924,4,0.38678119780482,4,0.02,1,0.661748608143768,2,1,1,0.594374429987252,2.66666666666667,3,"sciplex3_comb","A549_CHEMBL356066_3.0_2"
"162","trainMean",0.8871,2,0.951553145826274,2,0.87854927225006,2,0,3,0.536326698378582,4,0.963712223620447,2,0.702873556679227,2.5,2,"sciplex3_comb","A549_CHEMBL356066_3.0_2"
"163","baseMLP",0.8573,3,0.863600228125054,3,0.72571183288024,3,0,3,0.668008000218436,4,0,6,0.519103343537288,3.66666666666667,4,"sciplex3_comb","A549_CHEMBL356066+CHEMBL2170177_3.0+3.0_2"
"164","baseReg",0.9341,1,0.987461763130152,2,0.975246816425812,2,0,3,0.974267215487112,2,0.00832513425508064,4,0.646566821549693,2.33333333333333,2,"sciplex3_comb","A549_CHEMBL356066+CHEMBL2170177_3.0+3.0_2"
"165","baseControl",0.0947,6,0.620171785078548,5,0.188868221490914,5,0.03,1,0,6,0.00445079420751404,5,0.156365133462829,4.66666666666667,6,"sciplex3_comb","A549_CHEMBL356066+CHEMBL2170177_3.0+3.0_2"
"166","CPA",0.7294,5,0,6,0,6,0,3,0.553267666011359,5,0.603814087142105,2,0.314413625525577,4.5,5,"sciplex3_comb","A549_CHEMBL356066+CHEMBL2170177_3.0+3.0_2"
"167","PRnet",0.8432,4,0.634083956932755,4,0.417513235083703,4,0.01,2,0.708263365552643,3,1,1,0.60217675959485,3,3,"sciplex3_comb","A549_CHEMBL356066+CHEMBL2170177_3.0+3.0_2"
"168","trainMean",0.8995,2,1,1,1,1,0,3,1,1,0.010291735448297,3,0.651631955908049,1.83333333333333,1,"sciplex3_comb","A549_CHEMBL356066+CHEMBL2170177_3.0+3.0_2"
"169","baseMLP",0.5936,3,0.867828204767927,4,0.722517578459955,4,0,2,0.177167587066065,5,0.993652681712293,4,0.559127675334373,3.66666666666667,4,"sciplex3_comb","A549_CHEMBL1213492+CHEMBL491473_3.0+3.0_2"
"170","baseReg",0.6044,2,1,1,1,1,0,2,1,1,1,1,0.7674,1.33333333333333,1,"sciplex3_comb","A549_CHEMBL1213492+CHEMBL491473_3.0+3.0_2"
"171","baseControl",-0.0089999999999999,6,0.996552854667229,2,0.989024181101012,2,0.04,1,0.960566928841041,2,0.998305906962608,3,0.662574978595315,2.66666666666667,3,"sciplex3_comb","A549_CHEMBL1213492+CHEMBL491473_3.0+3.0_2"
"172","CPA",0.4648,5,0,6,0,6,0,2,0,6,0,6,0.0774666666666667,5.16666666666667,6,"sciplex3_comb","A549_CHEMBL1213492+CHEMBL491473_3.0+3.0_2"
"173","PRnet",0.4969,4,0.638602407381387,5,0.406105299262562,5,0,2,0.235770997192317,3,0.897727364042069,5,0.445851011313056,4,5,"sciplex3_comb","A549_CHEMBL1213492+CHEMBL491473_3.0+3.0_2"
"174","trainMean",0.6324,1,0.871078638002904,3,0.726805007717373,3,0,2,0.19850411855488,4,0.998836388506511,2,0.571270692130278,2.5,2,"sciplex3_comb","A549_CHEMBL1213492+CHEMBL491473_3.0+3.0_2"
"175","baseMLP",0.497,2,0.824389393220109,4,0.598922533903028,4,0,2,0,6,0.989888556771546,4,0.485033413982447,3.66666666666667,4,"sciplex3_comb","A549_CHEMBL1213492_3.0_2"
"176","baseReg",0.4927,3,0.841198639758954,3,0.639048857514397,3,0,2,0.0881404068744805,5,0.993179502174945,3,0.509044567720463,3.16666666666667,3,"sciplex3_comb","A549_CHEMBL1213492_3.0_2"
"177","baseControl",0.021,6,1,1,1,1,0.04,1,1,1,0.99776410334359,2,0.676460683890598,2,2,"sciplex3_comb","A549_CHEMBL1213492_3.0_2"
"178","CPA",0.4167,5,0,6,0,6,0,2,0.358855225788737,3,0,6,0.129259204298123,4.66666666666667,6,"sciplex3_comb","A549_CHEMBL1213492_3.0_2"
"179","PRnet",0.4436,4,0.550965441739248,5,0.251532602637934,5,0,2,0.266210198460708,4,0.777393243664171,5,0.38161691441701,4.16666666666667,5,"sciplex3_comb","A549_CHEMBL1213492_3.0_2"
"180","trainMean",0.5454,1,0.993896354282725,2,0.989596879063719,2,0,2,0.963688469029662,2,1,1,0.748763617062684,1.66666666666667,1,"sciplex3_comb","A549_CHEMBL1213492_3.0_2"
"181","baseMLP",0.8592,3,0.847643208937957,3,0.699973139940908,3,0.02,2,0.665546404910521,4,0.99063449765445,4,0.680499541907306,3.16666666666667,3,"sciplex3_comb","A549_CHEMBL356066+CHEMBL402548_3.0+3.0_2"
"182","baseReg",0.9309,1,1,1,1,1,0,4,1,1,1,1,0.821816666666667,1.5,1,"sciplex3_comb","A549_CHEMBL356066+CHEMBL402548_3.0+3.0_2"
"183","baseControl",0.176,6,0.576628764089512,5,0.106768734891217,5,0.05,1,0,6,0.964804417892227,5,0.312366986145493,4.66666666666667,5,"sciplex3_comb","A549_CHEMBL356066+CHEMBL402548_3.0+3.0_2"
"184","CPA",0.7699,5,0,6,0,6,0,4,0.677759322829859,3,0,6,0.241276553804976,5,6,"sciplex3_comb","A549_CHEMBL356066+CHEMBL402548_3.0+3.0_2"
"185","PRnet",0.8319,4,0.584793243645258,4,0.296669352672576,4,0.02,2,0.626620069923925,5,0.995645907104133,3,0.559271428890982,3.66666666666667,4,"sciplex3_comb","A549_CHEMBL356066+CHEMBL402548_3.0+3.0_2"
"186","trainMean",0.9012,2,0.973308432221598,2,0.948160085952189,2,0,4,0.937045418859292,2,0.996985012520839,2,0.792783158258986,2.33333333333333,2,"sciplex3_comb","A549_CHEMBL356066+CHEMBL402548_3.0+3.0_2"
"187","baseMLP",0.7411,3,0.927210473313192,3,0.823803730738037,3,0.02,1,0.106215567366537,5,0,5,0.436388295236294,3.33333333333333,4,"sciplex3_comb","A549_CHEMBL1213492+CHEMBL109480_3.0+3.0_2"
"188","baseReg",0.7899,2,1,1,1,1,0,3,0.748476984776786,2,0.00011959758947111,4,0.589749430394376,2.16666666666667,1,"sciplex3_comb","A549_CHEMBL1213492+CHEMBL109480_3.0+3.0_2"
"189","baseControl",-0.2128,6,0.914209466263847,4,0.793998377939984,4,0.01,2,0,6,0,5,0.250901307367305,4.5,6,"sciplex3_comb","A549_CHEMBL1213492+CHEMBL109480_3.0+3.0_2"
"190","CPA",0.4545,5,0,6,0,6,0,3,0.746069302396581,3,0.635625097096073,2,0.306032399915442,4.16666666666667,5,"sciplex3_comb","A549_CHEMBL1213492+CHEMBL109480_3.0+3.0_2"
"191","PRnet",0.6416,4,0.65178247734139,5,0.423560421735604,5,0,3,1,1,1,1,0.619490483179499,3.16666666666667,3,"sciplex3_comb","A549_CHEMBL1213492+CHEMBL109480_3.0+3.0_2"
"192","trainMean",0.8558,1,0.93281973816717,2,0.829886455798865,2,0,3,0.16261916986997,4,0.000164757140093452,3,0.463548353496016,2.5,2,"sciplex3_comb","A549_CHEMBL1213492+CHEMBL109480_3.0+3.0_2"
"193","baseMLP",0.4707,3,0.718737871964042,4,0.401767397822313,4,0,2,0,6,0.977204899458205,4,0.42806836154076,3.83333333333333,4,"sciplex3_comb","A549_CHEMBL1213492+CHEMBL460499_3.0+3.0_2"
"194","baseReg",0.5221,2,0.832080290982608,3,0.642575351112514,3,0,2,0.420425777606703,4,0.987168914036637,3,0.567391722289744,2.83333333333333,3,"sciplex3_comb","A549_CHEMBL1213492+CHEMBL460499_3.0+3.0_2"
"195","baseControl",0.1008,6,1,1,1,1,0.02,1,1,1,1,1,0.6868,1.83333333333333,1,"sciplex3_comb","A549_CHEMBL1213492+CHEMBL460499_3.0+3.0_2"
"196","CPA",0.3546,5,0,6,0,6,0,2,0.379745461185052,5,0,6,0.122390910197509,5,6,"sciplex3_comb","A549_CHEMBL1213492+CHEMBL460499_3.0+3.0_2"
"197","PRnet",0.4451,4,0.596333835753676,5,0.347483036136973,5,0,2,0.474247560957555,3,0.836756454813354,5,0.44998681461026,4,5,"sciplex3_comb","A549_CHEMBL1213492+CHEMBL460499_3.0+3.0_2"
"198","trainMean",0.6122,1,0.865095625332816,2,0.710430803219189,2,0,2,0.528074279143905,2,0.992985714287392,2,0.61813107033055,1.83333333333333,1,"sciplex3_comb","A549_CHEMBL1213492+CHEMBL460499_3.0+3.0_2"
"199","baseMLP",0.8673,3,0.807897515892353,3,0.677574500188608,3,0.02,2,0.665652362797456,3,0.985838871990009,3,0.670710541811404,2.83333333333333,3,"sciplex3_comb","A549_CHEMBL483254+CHEMBL257991_3.0+3.0_2"
"200","baseReg",0.9912,2,1,1,1,1,0,4,1,1,1,1,0.831866666666667,1.66666666666667,1,"sciplex3_comb","A549_CHEMBL483254+CHEMBL257991_3.0+3.0_2"
"201","baseControl",0.1041,6,0.472360074820025,4,0.0238589211618256,5,0.03,1,0,6,0.954074542303618,4,0.264065589714245,4.33333333333333,5,"sciplex3_comb","A549_CHEMBL483254+CHEMBL257991_3.0+3.0_2"
"202","CPA",0.6964,5,0,6,0,6,0,4,0.469701963192941,5,0,6,0.194350327198824,5.33333333333333,6,"sciplex3_comb","A549_CHEMBL483254+CHEMBL257991_3.0+3.0_2"
"203","PRnet",0.8241,4,0.454414312435723,5,0.290645039607695,4,0.02,2,0.641093725422637,4,0.798140864782679,5,0.504732323708122,4,4,"sciplex3_comb","A549_CHEMBL483254+CHEMBL257991_3.0+3.0_2"
"204","trainMean",0.9936,1,0.91159641360841,2,0.852602791399472,2,0,4,0.847097904978765,2,0.994466688536029,2,0.766560633087113,2.16666666666667,2,"sciplex3_comb","A549_CHEMBL483254+CHEMBL257991_3.0+3.0_2"
"205","baseMLP",0.6023,3,0.841723265989488,3,0.67935175806685,3,0.01,2,0.262787193973634,5,0.991583029521577,3,0.564624207925258,3.16666666666667,3,"sciplex3_comb","A549_CHEMBL383824+CHEMBL2354444_3.0+3.0_2"
"206","baseReg",0.9542,2,1,1,1,1,0,3,1,1,1,1,0.8257,1.5,1,"sciplex3_comb","A549_CHEMBL383824+CHEMBL2354444_3.0+3.0_2"
"207","baseControl",-0.0742,6,0.783556134733717,4,0.561857907683403,4,0.02,1,0,6,0.980863723115196,4,0.378679627588719,4.16666666666667,4,"sciplex3_comb","A549_CHEMBL383824+CHEMBL2354444_3.0+3.0_2"
"208","CPA",0.3228,4,0,6,0,6,0,3,0.837426239799121,3,0,6,0.19337103996652,4.66666666666667,6,"sciplex3_comb","A549_CHEMBL383824+CHEMBL2354444_3.0+3.0_2"
"209","PRnet",0.2992,5,0.500858698747767,5,0.222399073940096,5,0,3,0.804453860640301,4,0.751359282224567,5,0.429711819258789,4.5,5,"sciplex3_comb","A549_CHEMBL383824+CHEMBL2354444_3.0+3.0_2"
"210","trainMean",0.9768,1,0.980478627462826,2,0.950224280133121,2,0,3,0.888487131198995,2,0.995164753524171,2,0.798525798719852,2,2,"sciplex3_comb","A549_CHEMBL383824+CHEMBL2354444_3.0+3.0_2"
"211","baseMLP",0.432,2,0.834893380234106,4,0.619094103865677,4,0,2,0.0128927344991312,5,0.991216684814509,4,0.481682817235571,3.5,4,"sciplex3_comb","A549_CHEMBL1213492+CHEMBL4297436_3.0+3.0_2"
"212","baseReg",0.4353,1,0.968103499672092,2,0.92912924638813,2,0,2,0.801483573062711,2,1,1,0.689002719853822,1.66666666666667,1,"sciplex3_comb","A549_CHEMBL1213492+CHEMBL4297436_3.0+3.0_2"
"213","baseControl",0.00990000000000002,6,1,1,1,1,0.04,1,1,1,0.999000900184185,2,0.674816816697364,2,2,"sciplex3_comb","A549_CHEMBL1213492+CHEMBL4297436_3.0+3.0_2"
"214","CPA",0.3805,4,0,6,0,6,0,2,0.366252440393818,4,0,6,0.124458740065636,4.66666666666667,5,"sciplex3_comb","A549_CHEMBL1213492+CHEMBL4297436_3.0+3.0_2"
"215","PRnet",0.3642,5,0.571305073630239,5,0.217102694260055,5,0,2,0,6,0.825326079001661,5,0.329655641148659,4.66666666666667,5,"sciplex3_comb","A549_CHEMBL1213492+CHEMBL4297436_3.0+3.0_2"
"216","trainMean",0.386,3,0.908146028339196,3,0.792659117532214,3,0,2,0.450043565980328,3,0.993564405894122,3,0.588402186290977,2.83333333333333,3,"sciplex3_comb","A549_CHEMBL1213492+CHEMBL4297436_3.0+3.0_2"
"217","baseMLP",0.6935,3,0.937690325603186,3,0.819591527987897,3,0,2,0.300986707340901,5,0.997675804498159,3,0.624907394238357,3.16666666666667,3,"sciplex3_comb","A549_CHEMBL1213492+CHEMBL1200485_3.0+3.0_2"
"218","baseReg",0.7648,2,0.975073374395436,2,0.936081694402421,2,0,2,0.350831027549651,4,1,1,0.671131016057918,2.16666666666667,2,"sciplex3_comb","A549_CHEMBL1213492+CHEMBL1200485_3.0+3.0_2"
"219","baseControl",-0.0931999999999999,6,0.70866575723754,5,0.10249621785174,5,0.01,1,0,6,0.980284117189392,4,0.284707682046445,4.5,5,"sciplex3_comb","A549_CHEMBL1213492+CHEMBL1200485_3.0+3.0_2"
"220","CPA",0.4973,5,0,6,0,6,0,2,0.994232914615622,2,0,6,0.248588819102604,4.5,5,"sciplex3_comb","A549_CHEMBL1213492+CHEMBL1200485_3.0+3.0_2"
"221","PRnet",0.6196,4,0.75295219985394,4,0.540468986384266,4,0,2,1,1,0.813892569769548,5,0.621152292667959,3.33333333333333,4,"sciplex3_comb","A549_CHEMBL1213492+CHEMBL1200485_3.0+3.0_2"
"222","trainMean",0.8658,1,1,1,1,1,0,2,0.378284559968234,3,0.999189907922948,2,0.707212411315197,1.66666666666667,1,"sciplex3_comb","A549_CHEMBL1213492+CHEMBL1200485_3.0+3.0_2"
"223","baseMLP",0.872,3,0.721009490068768,3,0.533895418157043,3,0,3,0.528711770279518,4,0.00740670413046074,5,0.443837230439298,3.5,4,"sciplex3_comb","A549_CHEMBL483254+CHEMBL116438_3.0+3.0_2"
"224","baseReg",0.9965,1,1,1,1,1,0,3,1,1,0.00918898156312464,4,0.667614830260521,1.83333333333333,1,"sciplex3_comb","A549_CHEMBL483254+CHEMBL116438_3.0+3.0_2"
"225","baseControl",-0.0133000000000001,6,0.443662398717595,5,0,6,0.01,1,0,6,0,6,0.0733937331195991,5,6,"sciplex3_comb","A549_CHEMBL483254+CHEMBL116438_3.0+3.0_2"
"226","CPA",0.728,5,0,6,0.0430080054505195,5,0,3,0.506488689003527,5,0.698914199062657,2,0.329401815586117,4.33333333333333,5,"sciplex3_comb","A549_CHEMBL483254+CHEMBL116438_3.0+3.0_2"
"227","PRnet",0.7975,4,0.448134652558412,4,0.328649293135752,4,0.01,1,0.686086125440859,3,1,1,0.545061678522504,2.83333333333333,3,"sciplex3_comb","A549_CHEMBL483254+CHEMBL116438_3.0+3.0_2"
"228","trainMean",0.992,2,0.928935617056529,2,0.886816555952989,2,0,3,0.883402642522503,2,0.00928157773582572,3,0.616739398877975,2.33333333333333,2,"sciplex3_comb","A549_CHEMBL483254+CHEMBL116438_3.0+3.0_2"
"229","baseMLP",0.4811,2,0.861932224646065,4,0.71890243902439,4,0.05,2,0.249282396534628,4,0.993977100850976,4,0.559199026842677,3.33333333333333,4,"sciplex3_comb","A549_CHEMBL1213492+CHEMBL1421_3.0+3.0_2"
"230","baseReg",0.5379,1,0.964089837229636,2,0.930945121951219,2,0,3,0.825389369776406,2,1,1,0.709720721492877,1.83333333333333,1,"sciplex3_comb","A549_CHEMBL1213492+CHEMBL1421_3.0+3.0_2"
"231","baseControl",0.0441,6,1,1,1,1,0.07,1,1,1,0.998541297959225,2,0.685440216326538,2,2,"sciplex3_comb","A549_CHEMBL1213492+CHEMBL1421_3.0+3.0_2"
"232","CPA",0.3927,5,0,6,0,6,0,3,0,6,0,6,0.06545,5.33333333333333,6,"sciplex3_comb","A549_CHEMBL1213492+CHEMBL1421_3.0+3.0_2"
"233","PRnet",0.4709,3,0.555583032315614,5,0.298628048780488,5,0,3,0.108546377686819,5,0.805540614614859,5,0.37319967889963,4.33333333333333,5,"sciplex3_comb","A549_CHEMBL1213492+CHEMBL1421_3.0+3.0_2"
"234","trainMean",0.41,4,0.949852950268046,3,0.900762195121951,3,0,3,0.739754113638567,3,0.99759797603912,3,0.666327872511281,3.16666666666667,3,"sciplex3_comb","A549_CHEMBL1213492+CHEMBL1421_3.0+3.0_2"
"235","baseMLP",0.8144,3,0.858239867754616,2,0.702618657937807,2,0.19,1,0.600958847240636,4,2.22044604925031e-15,5,0.527702895488843,2.83333333333333,3,"sciplex3_comb","A549_CHEMBL356066+CHEMBL1421_3.0+3.0_2"
"236","baseReg",0.9618,1,1,1,1,1,0,5,0.863049562760301,2,0.00807649465183224,3,0.638821009568689,2.16666666666667,1,"sciplex3_comb","A549_CHEMBL356066+CHEMBL1421_3.0+3.0_2"
"237","baseControl",0.0329,6,0.553277782583206,5,0,6,0.02,2,0,6,0,6,0.101029630430534,5.16666666666667,6,"sciplex3_comb","A549_CHEMBL356066+CHEMBL1421_3.0+3.0_2"
"238","CPA",0.7209,5,0,6,0.103600654664485,5,0,5,1,1,0.59904219520649,2,0.403923808311829,4,5,"sciplex3_comb","A549_CHEMBL356066+CHEMBL1421_3.0+3.0_2"
"239","PRnet",0.853,2,0.722870955030803,4,0.496563011456629,4,0.02,2,0.862473718747071,3,1,1,0.659151280872417,2.66666666666667,2,"sciplex3_comb","A549_CHEMBL356066+CHEMBL1421_3.0+3.0_2"
"240","trainMean",0.7691,4,0.848571346192659,3,0.679705400981997,3,0.01,4,0.585124476048906,5,0.00352909401781243,4,0.482671719540229,3.83333333333333,4,"sciplex3_comb","A549_CHEMBL356066+CHEMBL1421_3.0+3.0_2"
"241","baseMLP",0.4867,3,0.739786796692003,4,0.427275960170697,4,0,2,0,6,0.986359844716351,4,0.440020433596508,3.83333333333333,4,"sciplex3_comb","A549_CHEMBL1213492+CHEMBL116438_3.0+3.0_2"
"242","baseReg",0.537,1,0.884516468282423,3,0.754445234708393,3,0,2,0.575841725623949,3,0.992424921891171,3,0.624038058417656,2.5,3,"sciplex3_comb","A549_CHEMBL1213492+CHEMBL116438_3.0+3.0_2"
"243","baseControl",0.1006,6,1,1,1,1,0.01,1,1,1,1,1,0.6851,1.83333333333333,1,"sciplex3_comb","A549_CHEMBL1213492+CHEMBL116438_3.0+3.0_2"
"244","CPA",0.3547,5,0,6,0,6,0,2,0.39224356463024,4,0,6,0.12449059410504,4.83333333333333,6,"sciplex3_comb","A549_CHEMBL1213492+CHEMBL116438_3.0+3.0_2"
"245","PRnet",0.4189,4,0.633032171709929,5,0.297830725462304,5,0,2,0.129297928237273,5,0.922475454129644,5,0.400256046589858,4.33333333333333,5,"sciplex3_comb","A549_CHEMBL1213492+CHEMBL116438_3.0+3.0_2"
"246","trainMean",0.5087,2,0.908781490511019,2,0.808677098150782,2,0,2,0.673838522342313,2,0.993985515047091,2,0.648997104341868,2,2,"sciplex3_comb","A549_CHEMBL1213492+CHEMBL116438_3.0+3.0_2"
"247","baseMLP",0.5915,3,0.818691376965724,4,0.632477363811786,4,0,2,0.0575965952058525,5,0.990699617194628,4,0.515160825529665,3.66666666666667,4,"sciplex3_comb","A549_CHEMBL1213492+CHEMBL601719_3.0+3.0_2"
"248","baseReg",0.6137,2,0.966865999511838,2,0.939438919400327,2,0,2,0.8397741861733,2,1,1,0.726629850847577,1.83333333333333,1,"sciplex3_comb","A549_CHEMBL1213492+CHEMBL601719_3.0+3.0_2"
"249","baseControl",0.00939999999999996,6,1,1,1,1,0.02,1,1,1,0.997725954045667,2,0.671187659007611,2,2,"sciplex3_comb","A549_CHEMBL1213492+CHEMBL601719_3.0+3.0_2"
"250","CPA",0.4595,5,0,6,0,6,0,2,0,6,0,6,0.0765833333333333,5.16666666666667,6,"sciplex3_comb","A549_CHEMBL1213492+CHEMBL601719_3.0+3.0_2"
"251","PRnet",0.5114,4,0.601511558980439,5,0.386967492949384,5,0,2,0.283734018044002,4,0.824684258862132,5,0.434716221472659,4.16666666666667,5,"sciplex3_comb","A549_CHEMBL1213492+CHEMBL601719_3.0+3.0_2"
"252","trainMean",0.6871,1,0.879293211060358,3,0.757013507495918,3,0,2,0.366613320201896,3,0.99347169825059,3,0.61391528950146,2.5,3,"sciplex3_comb","A549_CHEMBL1213492+CHEMBL601719_3.0+3.0_2"
"253","baseMLP",0.4804,3,0.925984723406571,4,0.859102646868948,4,0.07,1,0.666124105640095,4,0.994110437432501,3,0.665953652224686,3.16666666666667,3,"sciplex3_comb","A549_CHEMBL1213492+CHEMBL257991_3.0+3.0_3"
"254","baseReg",0.6507,2,1,1,1,1,0,3,1,1,1,1,0.775116666666667,1.5,1,"sciplex3_comb","A549_CHEMBL1213492+CHEMBL257991_3.0+3.0_3"
"255","baseControl",-0.1129,6,0.953870856541539,3,0.914299548095545,3,0.02,2,0.796591562367967,3,0.993997274978336,4,0.594309873663898,3.5,4,"sciplex3_comb","A549_CHEMBL1213492+CHEMBL257991_3.0+3.0_3"
"256","CPA",0.1561,4,0,6,0,6,0,3,0,6,0,6,0.0260166666666667,5.16666666666667,6,"sciplex3_comb","A549_CHEMBL1213492+CHEMBL257991_3.0+3.0_3"
"257","PRnet",0.1388,5,0.620552642560372,5,0.376371852808263,5,0,3,0.134231906744149,5,0.82669652152481,5,0.349442153939599,4.66666666666667,5,"sciplex3_comb","A549_CHEMBL1213492+CHEMBL257991_3.0+3.0_3"
"258","trainMean",0.8051,1,0.990102872072137,2,0.979018721755972,2,0,3,0.943048407987422,2,0.996219344900442,2,0.785581557785996,2,2,"sciplex3_comb","A549_CHEMBL1213492+CHEMBL257991_3.0+3.0_3"
"259","baseMLP",0.8506,3,0.685660445082556,3,0.474308617234469,3,0.36,1,0.459317171489894,4,0,5,0.471647705634486,3.16666666666667,3,"sciplex3_comb","A549_CHEMBL483254+CHEMBL2170177_3.0+3.0_3"
"260","baseReg",0.981,2,0.821101681878782,2,0.714068136272545,2,0,4,0.702307337003671,2,0.00677491039324007,4,0.537542010924706,2.66666666666667,2,"sciplex3_comb","A549_CHEMBL483254+CHEMBL2170177_3.0+3.0_3"
"261","baseControl",-0.0383,6,0.450569172392575,4,0.0186773547094189,5,0.02,2,0,6,0,5,0.075157754516999,4.66666666666667,5,"sciplex3_comb","A549_CHEMBL483254+CHEMBL2170177_3.0+3.0_3"
"262","CPA",0.7202,5,0,6,0,6,0,4,0.381395525716789,5,0.703801124805938,2,0.300899441753788,4.66666666666667,5,"sciplex3_comb","A549_CHEMBL483254+CHEMBL2170177_3.0+3.0_3"
"263","PRnet",0.8003,4,0.417393087888422,5,0.265891783567134,4,0.02,2,0.552803814953521,3,1,1,0.509398114401513,3.16666666666667,3,"sciplex3_comb","A549_CHEMBL483254+CHEMBL2170177_3.0+3.0_3"
"264","trainMean",0.9911,1,1,1,1,1,0,4,1,1,0.0126525748277015,3,0.667292095804617,1.83333333333333,1,"sciplex3_comb","A549_CHEMBL483254+CHEMBL2170177_3.0+3.0_3"
"265","baseMLP",0.8851,3,0.937106984484774,3,0.854337152209493,3,0.12,1,0.628632382308731,5,0.965680613530443,4,0.731809522088907,3.16666666666667,3,"sciplex3_comb","A549_CHEMBL356066_3.0_3"
"266","baseReg",0.9299,2,1,1,1,1,0,4,0.73697539433807,2,0.967959519177062,2,0.772472485585855,2,1,"sciplex3_comb","A549_CHEMBL356066_3.0_3"
"267","baseControl",0.1145,6,0.592464635186804,5,0,6,0.04,2,0,6,0.944745829204391,5,0.281951744065199,5,6,"sciplex3_comb","A549_CHEMBL356066_3.0_3"
"268","CPA",0.7088,5,0,6,0.0668985270049101,5,0,4,1,1,0,6,0.295949754500818,4.5,5,"sciplex3_comb","A549_CHEMBL356066_3.0_3"
"269","PRnet",0.7722,4,0.676539672842562,4,0.316693944353519,4,0.02,3,0.659740118039414,3,1,1,0.574195622539249,3.16666666666667,3,"sciplex3_comb","A549_CHEMBL356066_3.0_3"
"270","trainMean",0.9542,1,0.949378021677077,2,0.884001636661211,2,0,4,0.650399757661723,4,0.967946151283185,3,0.734320927880533,2.66666666666667,2,"sciplex3_comb","A549_CHEMBL356066_3.0_3"
"271","baseMLP",0.7404,4,0.734492279205105,3,0.479188619599578,3,0.08,1,0.367384119085515,5,0.00281060864868743,5,0.400712604423148,3.5,4,"sciplex3_comb","A549_CHEMBL356066+CHEMBL2170177_3.0+3.0_3"
"272","baseReg",0.8989,2,0.805723638527924,2,0.624736564805058,2,0,4,0.545704432776568,3,0.00404530762576782,4,0.47985165728922,2.83333333333333,2,"sciplex3_comb","A549_CHEMBL356066+CHEMBL2170177_3.0+3.0_3"
"273","baseControl",0.1034,6,0.590343219918659,5,0.173867228661749,5,0.04,2,0,6,0,6,0.151268408096735,5,6,"sciplex3_comb","A549_CHEMBL356066+CHEMBL2170177_3.0+3.0_3"
"274","CPA",0.7294,5,0,6,0,6,0,4,0.500477183610496,4,0.60204286181664,2,0.305320007571189,4.5,5,"sciplex3_comb","A549_CHEMBL356066+CHEMBL2170177_3.0+3.0_3"
"275","PRnet",0.8432,3,0.606586648149985,4,0.384351949420442,4,0.01,3,0.638944280809596,2,1,1,0.580513813063337,2.83333333333333,2,"sciplex3_comb","A549_CHEMBL356066+CHEMBL2170177_3.0+3.0_3"
"276","trainMean",0.9455,1,1,1,1,1,0,4,1,1,0.00589009619158165,3,0.65856501603193,1.83333333333333,1,"sciplex3_comb","A549_CHEMBL356066+CHEMBL2170177_3.0+3.0_3"
"277","baseMLP",0.9281,3,0.879990619212823,3,0.772656855151046,3,0.1,1,0.744754942754397,3,0.984762950397356,4,0.73504422791927,2.83333333333333,3,"sciplex3_comb","A549_CHEMBL356066+CHEMBL402548_3.0+3.0_3"
"278","baseReg",0.9557,1,0.961894595534422,2,0.930157500645494,2,0,4,0.919241953328827,2,0.999055962611922,2,0.794341668686778,2.16666666666667,2,"sciplex3_comb","A549_CHEMBL356066+CHEMBL402548_3.0+3.0_3"
"279","baseControl",0.0677,6,0.561981933897798,5,0.0979860573199071,5,0.01,3,0,6,0.96302326709818,5,0.283448543052647,5,5,"sciplex3_comb","A549_CHEMBL356066+CHEMBL402548_3.0+3.0_3"
"280","CPA",0.7699,5,0,6,0,6,0,4,0.648371746131414,4,0,6,0.236378624355236,5.16666666666667,6,"sciplex3_comb","A549_CHEMBL356066+CHEMBL402548_3.0+3.0_3"
"281","PRnet",0.8319,4,0.57228462602198,4,0.285179447456752,4,0.02,2,0.599701673016626,5,0.994309810535953,3,0.550562592838552,3.66666666666667,4,"sciplex3_comb","A549_CHEMBL356066+CHEMBL402548_3.0+3.0_3"
"282","trainMean",0.9469,2,1,1,1,1,0,4,1,1,1,1,0.824483333333333,1.66666666666667,1,"sciplex3_comb","A549_CHEMBL356066+CHEMBL402548_3.0+3.0_3"
"283","baseMLP",0.9296,3,0.845411870195287,3,0.75306071458316,3,0.02,1,0.751904076334716,3,0.01210099253103,5,0.552012942274032,3,3,"sciplex3_comb","A549_CHEMBL483254+CHEMBL1421_3.0+3.0_3"
"284","baseReg",0.9877,1,1,1,1,1,0,4,1,1,0.0159280811735866,4,0.667271346862265,2,1,"sciplex3_comb","A549_CHEMBL483254+CHEMBL1421_3.0+3.0_3"
"285","baseControl",0.2366,6,0.443873043501193,5,0,6,0.02,1,0,6,0,6,0.116745507250199,5,10,"sciplex3_comb","A549_CHEMBL483254+CHEMBL1421_3.0+3.0_3"
"286","CPA",0.7462,4,0,6,0.0198217706337968,5,0.01,3,0.446357112897192,5,1,1,0.370396480588498,4,9,"sciplex3_comb","A549_CHEMBL483254+CHEMBL1421_3.0+3.0_3"
"287","PRnet",0.612363636363636,5,0.673788278491271,4,0.716094691133212,4,0,4,0.691957312654368,4,0.634370128304895,2,0.554762341157897,3.83333333333333,4,"sciplex3_comb","A549_CHEMBL483254+CHEMBL1421_3.0+3.0_3"
"292","trainMean",0.984,2,0.944136767013463,2,0.911385025401849,2,0,4,0.913933968268363,2,0.0185292445019869,3,0.628664167530944,2.5,2,"sciplex3_comb","A549_CHEMBL483254+CHEMBL1421_3.0+3.0_3"
"293","baseMLP",0.4808,3,0.816658978695778,4,0.644301994301994,4,0,2,0.185827104392054,4,0.986986084816886,4,0.519095693701119,3.5,4,"sciplex3_comb","A549_CHEMBL1213492+CHEMBL460499_3.0+3.0_3"
"294","baseReg",0.7406,2,1,1,1,1,0,2,1,1,1,1,0.7901,1.33333333333333,1,"sciplex3_comb","A549_CHEMBL1213492+CHEMBL460499_3.0+3.0_3"
"295","baseControl",-0.0873999999999999,6,0.946466096048383,3,0.901994301994302,3,0.04,1,0.774132107653253,3,0.991450783095613,3,0.594440548131925,3.16666666666667,3,"sciplex3_comb","A549_CHEMBL1213492+CHEMBL460499_3.0+3.0_3"
"296","CPA",0.3546,5,0,6,0,6,0,2,0,6,0,6,0.0591,5.16666666666667,6,"sciplex3_comb","A549_CHEMBL1213492+CHEMBL460499_3.0+3.0_3"
"297","PRnet",0.4451,4,0.56439956947363,5,0.313675213675214,5,0,2,0.117280680534163,5,0.830093378929558,5,0.378424807102094,4.33333333333333,5,"sciplex3_comb","A549_CHEMBL1213492+CHEMBL460499_3.0+3.0_3"
"298","trainMean",0.9051,1,0.9806946508807,2,0.961538461538462,2,0,2,0.923788992764119,2,0.995572009576068,2,0.794449019126558,1.83333333333333,2,"sciplex3_comb","A549_CHEMBL1213492+CHEMBL460499_3.0+3.0_3"
"299","baseMLP",0.9445,3,0.832838053789398,3,0.721957671957672,3,0,2,0.714651964186236,3,0.976991999371765,3,0.698489948217512,2.83333333333333,3,"sciplex3_comb","A549_CHEMBL483254+CHEMBL4297436_3.0+3.0_3"
"300","baseReg",0.9959,1,1,1,1,1,0,2,1,1,1,1,0.83265,1.16666666666667,1,"sciplex3_comb","A549_CHEMBL483254+CHEMBL4297436_3.0+3.0_3"
"301","baseControl",0.075,6,0.45566624732243,5,0,6,0.04,1,0,6,0.952614256643115,4,0.253880083994258,4.66666666666667,9,"sciplex3_comb","A549_CHEMBL483254+CHEMBL4297436_3.0+3.0_3"
"302","CPA",0.7496,4,0,6,0.0228395061728396,5,0,2,0.486610913391312,5,0,6,0.209841736594025,4.66666666666667,9,"sciplex3_comb","A549_CHEMBL483254+CHEMBL4297436_3.0+3.0_3"
"303","PRnet",0.612363636363636,5,0.673788278491271,4,0.716094691133212,4,0,2,0.691957312654368,4,0.634370128304895,5,0.554762341157897,4,4,"sciplex3_comb","A549_CHEMBL483254+CHEMBL4297436_3.0+3.0_3"
"308","trainMean",0.9944,2,0.956234062085614,2,0.927336860670194,2,0,2,0.926662736040787,2,0.998950878991698,2,0.800597422964715,2,2,"sciplex3_comb","A549_CHEMBL483254+CHEMBL4297436_3.0+3.0_3"
"309","baseMLP",0.9301,3,0.801854379714035,3,0.702250130821559,4,0,3,0.679387924656204,4,7.66053886991358e-15,5,0.518932072531968,3.66666666666667,8,"sciplex3_comb","A549_CHEMBL483254+CHEMBL601719_3.0+3.0_3"
"310","baseReg",0.9846,1,0.933054925732266,2,0.904500261643119,2,0,3,0.896868666410395,2,0.0142854020547361,4,0.622218209306753,2.33333333333333,2,"sciplex3_comb","A549_CHEMBL483254+CHEMBL601719_3.0+3.0_3"
"311","baseControl",-0.1637,6,0.450846790986072,5,0.0747645211930926,5,0.02,1,0,6,0,6,0.0636518853631941,4.83333333333333,10,"sciplex3_comb","A549_CHEMBL483254+CHEMBL601719_3.0+3.0_3"
"312","CPA",0.7024,4,0,6,0,6,0.01,2,0.280449108767927,5,1,1,0.332141518127988,4,9,"sciplex3_comb","A549_CHEMBL483254+CHEMBL601719_3.0+3.0_3"
"313","PRnet",0.612363636363636,5,0.673788278491271,4,0.716094691133212,3,0,3,0.691957312654368,3,0.634370128304895,2,0.554762341157897,3.33333333333333,3,"sciplex3_comb","A549_CHEMBL483254+CHEMBL601719_3.0+3.0_3"
"318","trainMean",0.9767,2,1,1,1,1,0,3,1,1,0.020671693984839,3,0.66622861566414,1.83333333333333,1,"sciplex3_comb","A549_CHEMBL483254+CHEMBL601719_3.0+3.0_3"
"319","baseMLP",0.6348,3,0.875967317806161,4,0.738062283737024,4,0.01,2,0.416398124452296,4,0.991830336774956,4,0.611176343795073,3.5,4,"sciplex3_comb","A549_CHEMBL1213492+CHEMBL4297436_3.0+3.0_3"
"320","baseReg",0.8064,1,1,1,1,1,0,3,1,1,1,1,0.801066666666667,1.33333333333333,1,"sciplex3_comb","A549_CHEMBL1213492+CHEMBL4297436_3.0+3.0_3"
"321","baseControl",0.0316,6,0.946262208865515,3,0.887024221453287,3,0.03,1,0.748127769068825,3,0.992941362329028,2,0.605992593619442,3,3,"sciplex3_comb","A549_CHEMBL1213492+CHEMBL4297436_3.0+3.0_3"
"322","CPA",0.3805,4,0,6,0,6,0,3,0.274433268278036,5,0,6,0.109155544713006,5,6,"sciplex3_comb","A549_CHEMBL1213492+CHEMBL4297436_3.0+3.0_3"
"323","PRnet",0.3642,5,0.539960555972953,5,0.192387543252595,5,0,3,0,6,0.819904317913251,5,0.3194087361898,4.83333333333333,5,"sciplex3_comb","A549_CHEMBL1213492+CHEMBL4297436_3.0+3.0_3"
"324","trainMean",0.7884,2,0.955447032306536,2,0.907785467128028,2,0,3,0.785188340321832,2,0.992563714222251,3,0.738230758996441,2.33333333333333,2,"sciplex3_comb","A549_CHEMBL1213492+CHEMBL4297436_3.0+3.0_3"
"325","baseMLP",0.9084,3,0.8040003487409,3,0.65241365966915,3,0.16,1,0.649114540643076,4,2.77555756156289e-15,5,0.528988091508855,3.16666666666667,3,"sciplex3_comb","A549_CHEMBL483254+CHEMBL116438_3.0+3.0_3"
"326","baseReg",0.9875,2,0.881304581583574,2,0.796749540485634,2,0,4,0.792994075080209,2,0.00596916929272695,4,0.577419561073691,2.66666666666667,2,"sciplex3_comb","A549_CHEMBL483254+CHEMBL116438_3.0+3.0_3"
"327","baseControl",0.046,6,0.479925601941324,5,0,6,0.04,2,0,6,0,6,0.0943209336568874,5.16666666666667,6,"sciplex3_comb","A549_CHEMBL483254+CHEMBL116438_3.0+3.0_3"
"328","CPA",0.728,5,0,6,0.0466286156525104,5,0,4,0.575050701388726,5,0.698914199062657,2,0.341432252683982,4.5,5,"sciplex3_comb","A549_CHEMBL483254+CHEMBL116438_3.0+3.0_3"
"329","PRnet",0.7975,4,0.483405745506328,4,0.371094127890104,4,0.01,3,0.779594857263296,3,1,1,0.573599121776621,3.16666666666667,3,"sciplex3_comb","A549_CHEMBL483254+CHEMBL116438_3.0+3.0_3"
"330","trainMean",0.9936,1,1,1,1,1,0,4,1,1,0.0092818783668478,3,0.667146979727808,1.83333333333333,1,"sciplex3_comb","A549_CHEMBL483254+CHEMBL116438_3.0+3.0_3"
"331","baseMLP",0.6558,3,0.815584527343918,4,0.626500795602488,4,0,2,0.0890466346247911,5,0.989211601871662,4,0.529357259907143,3.66666666666667,4,"sciplex3_comb","A549_CHEMBL1213492+CHEMBL1421_3.0+3.0_3"
"332","baseReg",0.7764,2,1,1,1,1,0,2,1,1,1,1,0.796066666666667,1.33333333333333,1,"sciplex3_comb","A549_CHEMBL1213492+CHEMBL1421_3.0+3.0_3"
"333","baseControl",-0.0430999999999999,6,0.974450324856934,3,0.947634890785477,3,0.03,1,0.885135091071533,3,0.994056768691775,3,0.631362845900953,3.16666666666667,3,"sciplex3_comb","A549_CHEMBL1213492+CHEMBL1421_3.0+3.0_3"
"334","CPA",0.3927,5,0,6,0,6,0,2,0,6,0,6,0.06545,5.16666666666667,6,"sciplex3_comb","A549_CHEMBL1213492+CHEMBL1421_3.0+3.0_3"
"335","PRnet",0.4709,4,0.541345036788434,5,0.283379140749313,5,0,2,0.0949452527373631,4,0.801681375298258,5,0.365375134262228,4.16666666666667,5,"sciplex3_comb","A549_CHEMBL1213492+CHEMBL1421_3.0+3.0_3"
"336","trainMean",0.8579,1,0.977591325674455,2,0.956603500650947,2,0,2,0.89539979522763,2,0.994692432655943,2,0.780364509034829,1.83333333333333,2,"sciplex3_comb","A549_CHEMBL1213492+CHEMBL1421_3.0+3.0_3"
"337","baseMLP",0.7283,3,0.903120102578715,3,0.776825785393717,3,0.09,1,0.21714266131485,5,0.233471481846503,3,0.491476671855631,3,3,"sciplex3_comb","A549_CHEMBL4297436+CHEMBL383824_3.0+3.0_3"
"338","baseReg",0.9098,2,1,1,1,1,0,3,0.770151772824825,2,0.22853323311419,4,0.651414167656503,2.16666666666667,1,"sciplex3_comb","A549_CHEMBL4297436+CHEMBL383824_3.0+3.0_3"
"339","baseControl",0.1161,6,0.853876213542833,4,0.663198694410445,5,0.06,2,0,6,0,6,0.282195817992213,4.83333333333333,10,"sciplex3_comb","A549_CHEMBL4297436+CHEMBL383824_3.0+3.0_3"
"340","CPA",0.3442,5,0,6,0,6,0,3,1,1,1,1,0.3907,3.66666666666667,9,"sciplex3_comb","A549_CHEMBL4297436+CHEMBL383824_3.0+3.0_3"
"341","PRnet",0.612363636363636,4,0.673788278491271,5,0.716094691133212,4,0,3,0.691957312654368,3,0.634370128304895,2,0.554762341157897,3.5,4,"sciplex3_comb","A549_CHEMBL4297436+CHEMBL383824_3.0+3.0_3"
"346","trainMean",0.9532,1,0.918456027517147,2,0.810281517747858,2,0,3,0.324540247857061,4,0.118811362686877,5,0.520881525968157,2.83333333333333,2,"sciplex3_comb","A549_CHEMBL4297436+CHEMBL383824_3.0+3.0_3"
"347","baseMLP",0.9202,3,0.882926466210182,3,0.761392009987516,3,0,3,0.687279686315358,5,0.00688470785414463,4,0.543113811727867,3.5,4,"sciplex3_comb","A549_CHEMBL356066+CHEMBL1421_3.0+3.0_3"
"348","baseReg",0.9745,1,1,1,1,1,0,3,0.912627271629904,2,0.00719413396347479,3,0.649053567598896,1.83333333333333,1,"sciplex3_comb","A549_CHEMBL356066+CHEMBL1421_3.0+3.0_3"
"349","baseControl",0.2552,6,0.542711744566835,5,0,6,0.02,1,0,6,0,6,0.136318624094473,5,6,"sciplex3_comb","A549_CHEMBL356066+CHEMBL1421_3.0+3.0_3"
"350","CPA",0.7209,5,0,6,0.0820848938826467,5,0,3,1,1,0.59904219520649,2,0.400337848181523,3.66666666666667,5,"sciplex3_comb","A549_CHEMBL356066+CHEMBL1421_3.0+3.0_3"
"351","PRnet",0.853,4,0.699743227150938,4,0.456772784019975,4,0.02,1,0.860714959019451,4,1,1,0.648371828365061,3,3,"sciplex3_comb","A549_CHEMBL356066+CHEMBL1421_3.0+3.0_3"
"352","trainMean",0.9484,2,0.975401905328967,2,0.948970037453184,2,0,3,0.87736216280732,3,0.00630120505442067,5,0.626072551773982,2.83333333333333,2,"sciplex3_comb","A549_CHEMBL356066+CHEMBL1421_3.0+3.0_3"
"353","baseMLP",-0.4009,6,0.651026851301929,5,0.144612683783191,5,0,2,0,6,0,6,0.0657899225141865,5,10,"sciplex3_comb","A549_CHEMBL4297436_3.0_3"
"354","baseReg",0.1088,3,0.960572244277036,3,0.911125740618828,3,0,2,0.896164853227858,4,0.168842137511687,5,0.507584162605902,3.33333333333333,8,"sciplex3_comb","A549_CHEMBL4297436_3.0_3"
"355","baseControl",-0.1202,4,1,1,1,1,0.02,1,1,1,0.168879929586447,3,0.511446654931075,1.83333333333333,1,"sciplex3_comb","A549_CHEMBL4297436_3.0_3"
"356","CPA",-0.2613,5,0,6,0,6,0,2,0.917526355023269,3,1,1,0.276037725837211,3.83333333333333,9,"sciplex3_comb","A549_CHEMBL4297436_3.0_3"
"357","PRnet",0.612363636363636,1,0.673788278491271,4,0.716094691133212,4,0,2,0.691957312654368,5,0.634370128304895,2,0.554762341157897,3,3,"sciplex3_comb","A549_CHEMBL4297436_3.0_3"
"362","trainMean",0.1333,2,0.976837235472477,2,0.947772657450077,2,0,2,0.944409301800584,2,0.168845748342864,4,0.528527490511,2.33333333333333,2,"sciplex3_comb","A549_CHEMBL4297436_3.0_3"
"363","baseMLP",0.2969,5,0.966574309889638,4,0.932151898734177,4,0.03,2,0.863032644991344,4,0.995478395030631,4,0.680689541440965,3.83333333333333,4,"sciplex3_comb","A549_CHEMBL1213492+CHEMBL116438_3.0+3.0_3"
"364","baseReg",0.3835,3,1,1,1,1,0,3,1,1,1,1,0.730583333333333,1.66666666666667,1,"sciplex3_comb","A549_CHEMBL1213492+CHEMBL116438_3.0+3.0_3"
"365","baseControl",-0.0618000000000001,6,0.975212933680371,3,0.948185654008439,3,0.05,1,0.912715675656215,3,0.995792418452482,3,0.636684446966251,3.16666666666667,3,"sciplex3_comb","A549_CHEMBL1213492+CHEMBL116438_3.0+3.0_3"
"366","CPA",0.3547,4,0,6,0,6,0,3,0.273856705259021,5,0,6,0.104759450876504,5,6,"sciplex3_comb","A549_CHEMBL1213492+CHEMBL116438_3.0+3.0_3"
"367","PRnet",0.4189,2,0.617689587939511,5,0.282700421940928,5,0,3,0,6,0.918095176857124,5,0.372897531122927,4.33333333333333,5,"sciplex3_comb","A549_CHEMBL1213492+CHEMBL116438_3.0+3.0_3"
"368","trainMean",0.8893,1,0.983441082906533,2,0.966413502109705,2,0,3,0.948861880574715,2,0.996737299681027,2,0.797458960878663,2,2,"sciplex3_comb","A549_CHEMBL1213492+CHEMBL116438_3.0+3.0_3"
"369","baseMLP",0.2368,5,0.701301641199774,4,0.235862311204777,5,0,2,0,6,0.999497474057846,2,0.362243571077066,4,9,"sciplex3_comb","A549_CHEMBL1421_3.0_3"
"370","baseReg",0.3356,3,0.873297491039426,3,0.680189673340358,4,0,2,0.53122448350768,5,0.996373889811174,4,0.56944758961644,3.5,8,"sciplex3_comb","A549_CHEMBL1421_3.0_3"
"371","baseControl",-0.0225,6,1,1,1,1,0.01,1,0.909282611040071,2,0.998611131632678,3,0.649232290445458,2.33333333333333,2,"sciplex3_comb","A549_CHEMBL1421_3.0_3"
"372","CPA",0.3024,4,0,6,0,6,0,2,1,1,0,6,0.217066666666667,4.16666666666667,10,"sciplex3_comb","A549_CHEMBL1421_3.0_3"
"373","PRnet",0.612363636363636,1,0.673788278491271,5,0.716094691133212,3,0,2,0.691957312654368,4,0.634370128304895,5,0.554762341157897,3.33333333333333,3,"sciplex3_comb","A549_CHEMBL1421_3.0_3"
"378","trainMean",0.3704,2,0.985049990567817,2,0.958904109589041,2,0,2,0.846964596589071,3,1,1,0.693553116124322,2,1,"sciplex3_comb","A549_CHEMBL1421_3.0_3"
